code_museum,country_museum,region_museum
MD,AGO,Sub-Saharan Africa
AI,ARG,Latin America & Caribbean
CFA-IC,ARG,Latin America & Caribbean
CI-FML,ARG,Latin America & Caribbean
CIPBV,ARG,Latin America & Caribbean
EDULP,ARG,Latin America & Caribbean
FACEN,ARG,Latin America & Caribbean
FML,ARG,Latin America & Caribbean
IAA,ARG,Latin America & Caribbean
IADIZA,ARG,Latin America & Caribbean
IBA,ARG,Latin America & Caribbean
IBAUNC,ARG,Latin America & Caribbean
IBIGEO,ARG,Latin America & Caribbean
ILPLA,ARG,Latin America & Caribbean
INALI,ARG,Latin America & Caribbean
INIDEP,ARG,Latin America & Caribbean
LGEP,ARG,Latin America & Caribbean
MACN,ARG,Latin America & Caribbean
MACN-ICH,ARG,Latin America & Caribbean
MCNCH,ARG,Latin America & Caribbean
MCNI,ARG,Latin America & Caribbean
MFA,ARG,Latin America & Caribbean
MFA-ZV,ARG,Latin America & Caribbean
MLP,ARG,Latin America & Caribbean
MMPEAA,ARG,Latin America & Caribbean
UNMDP,ARG,Latin America & Caribbean
[MLS],AUS,East Asia & Pacific
AFAQ,AUS,East Asia & Pacific
AMS,AUS,East Asia & Pacific
CAM,AUS,East Asia & Pacific
CSIRO,AUS,East Asia & Pacific
DHMB,AUS,East Asia & Pacific
FBQ,AUS,East Asia & Pacific
GNHNA,AUS,East Asia & Pacific
MAMU,AUS,East Asia & Pacific
MMUS,AUS,East Asia & Pacific
MU,AUS,East Asia & Pacific
NMV,AUS,East Asia & Pacific
NTM,AUS,East Asia & Pacific
QM,AUS,East Asia & Pacific
QMB,AUS,East Asia & Pacific
QVM,AUS,East Asia & Pacific
SAMA,AUS,East Asia & Pacific
TMH,AUS,East Asia & Pacific
WAM,AUS,East Asia & Pacific
CMV,AUT,Europe & Central Asia
LIG,AUT,Europe & Central Asia
LJG,AUT,Europe & Central Asia
NMW,AUT,Europe & Central Asia
OLL,AUT,Europe & Central Asia
CBS,AZE,Europe & Central Asia
CBSIZA,AZE,Europe & Central Asia
IZAB,AZE,Europe & Central Asia
ZIAZ,AZE,Europe & Central Asia
BFRIRS,BGD,South Asia
FBGN-SAU,BGD,South Asia
FLJNU,BGD,South Asia
LU,BGD,South Asia
IRSNB,BEL,Europe & Central Asia
ISBN,BEL,Europe & Central Asia
ISNM,BEL,Europe & Central Asia
MRAC,BEL,Europe & Central Asia
MZULG,BEL,Europe & Central Asia
ZMULB,BEL,Europe & Central Asia
LHC,BEN,Sub-Saharan Africa
BAMZ,BMU,North America
BNHS,BMU,North America
BZS,BMU,North America
CNR,BTN,South Asia
NBC,BTN,South Asia
CBF,BOL,Latin America & Caribbean
CIPA,BOL,Latin America & Caribbean
CIRA-UTB,BOL,Latin America & Caribbean
MNKP,BOL,Latin America & Caribbean
ORSTOM,BOL,Latin America & Caribbean
UMSS,BOL,Latin America & Caribbean
SADC/GEF,BWA,Sub-Saharan Africa
LaGEEvo,BRA,Latin America & Caribbean
ABAM-I,BRA,Latin America & Caribbean
AZUSC,BRA,Latin America & Caribbean
CAGC,BRA,Latin America & Caribbean
CAUSC,BRA,Latin America & Caribbean
CICCA,BRA,Latin America & Caribbean
CICCAA,BRA,Latin America & Caribbean
CITL,BRA,Latin America & Caribbean
CIUEMA,BRA,Latin America & Caribbean
CIUFES,BRA,Latin America & Caribbean
CI-UFES,BRA,Latin America & Caribbean
CIUNB,BRA,Latin America & Caribbean
CPUFMA,BRA,Latin America & Caribbean
CPUFMT,BRA,Latin America & Caribbean
DZSASP,BRA,Latin America & Caribbean
DZSJRP,BRA,Latin America & Caribbean
DZUFMG,BRA,Latin America & Caribbean
DZUFRGS,BRA,Latin America & Caribbean
EEBP,BRA,Latin America & Caribbean
GIG,BRA,Latin America & Caribbean
IEPA,BRA,Latin America & Caribbean
INPA,BRA,Latin America & Caribbean
IO,BRA,Latin America & Caribbean
LBP,BRA,Latin America & Caribbean
LBRP,BRA,Latin America & Caribbean
LEP-UFRRJ,BRA,Latin America & Caribbean
LIA,BRA,Latin America & Caribbean
LIOP.UFAM,BRA,Latin America & Caribbean
LIRP,BRA,Latin America & Caribbean
LISDEBE,BRA,Latin America & Caribbean
LNEP-UFF,BRA,Latin America & Caribbean
LOC-DBEZ-UFR,BRA,Latin America & Caribbean
MAPA,BRA,Latin America & Caribbean
MBML,BRA,Latin America & Caribbean
MCN,BRA,Latin America & Caribbean
MCNIP,BRA,Latin America & Caribbean
MCP,BRA,Latin America & Caribbean
MCT-PUCRS,BRA,Latin America & Caribbean
MHNCI,BRA,Latin America & Caribbean
MHNI,BRA,Latin America & Caribbean
MHNP,BRA,Latin America & Caribbean
MN,BRA,Latin America & Caribbean
MNRJ,BRA,Latin America & Caribbean
MOCH,BRA,Latin America & Caribbean
MOFUNG,BRA,Latin America & Caribbean
MOFURG,BRA,Latin America & Caribbean
MOVI,BRA,Latin America & Caribbean
MPEG,BRA,Latin America & Caribbean
MZFS,BRA,Latin America & Caribbean
MZICT,BRA,Latin America & Caribbean
MZP,BRA,Latin America & Caribbean
MZSP,BRA,Latin America & Caribbean
MZUEL,BRA,Latin America & Caribbean
MZUFBA,BRA,Latin America & Caribbean
MZUSP,BRA,Latin America & Caribbean
NPM,BRA,Latin America & Caribbean
NUP,BRA,Latin America & Caribbean
NUPEC,BRA,Latin America & Caribbean
NUPELIA,BRA,Latin America & Caribbean
UEFS,BRA,Latin America & Caribbean
UERJ,BRA,Latin America & Caribbean
UFAM,BRA,Latin America & Caribbean
UFC,BRA,Latin America & Caribbean
UFJF,BRA,Latin America & Caribbean
UFOPA,BRA,Latin America & Caribbean
UFPB,BRA,Latin America & Caribbean
UFPI,BRA,Latin America & Caribbean
UFRGS,BRA,Latin America & Caribbean
UFRJ,BRA,Latin America & Caribbean
UFRN,BRA,Latin America & Caribbean
UFRO,BRA,Latin America & Caribbean
UNT,BRA,Latin America & Caribbean
ZUEC,BRA,Latin America & Caribbean
ZUFES,BRA,Latin America & Caribbean
ZUFMS,BRA,Latin America & Caribbean
BM,BRN,East Asia & Pacific
UBD,BRN,East Asia & Pacific
BFSU,BGR,Europe & Central Asia
DHISUB,BGR,Europe & Central Asia
MNHV,BGR,Europe & Central Asia
NMNHS,BGR,Europe & Central Asia
MHV,BFA,Sub-Saharan Africa
CRRHA,BDI,Sub-Saharan Africa
CBC,KHM,East Asia & Pacific
IFREDI,KHM,East Asia & Pacific
ARC,CAN,North America
BCPM,CAN,North America
CMNFI,CAN,North America
FOSJ,CAN,North America
NMC,CAN,North America
RBCM,CAN,North America
ROM,CAN,North America
UAMZ,CAN,North America
UBC,CAN,North America
VMMB,CAN,North America
CEPFL,TCD,Sub-Saharan Africa
CIMAR,CHL,Latin America & Caribbean
CIZ,CHL,Latin America & Caribbean
DBCUCH,CHL,Latin America & Caribbean
DBFFEUCS,CHL,Latin America & Caribbean
EBMC,CHL,Latin America & Caribbean
FFSUC,CHL,Latin America & Caribbean
IZUA,CHL,Latin America & Caribbean
MHNV,CHL,Latin America & Caribbean
MNHNC,CHL,Latin America & Caribbean
MNHNCH,CHL,Latin America & Caribbean
MZUC,CHL,Latin America & Caribbean
ASIO,CHN,East Asia & Pacific
ASIZB,CHN,East Asia & Pacific
BFU,CHN,East Asia & Pacific
BMAM,CHN,East Asia & Pacific
CGYS,CHN,East Asia & Pacific
CIB,CHN,East Asia & Pacific
CNGZNU,CHN,East Asia & Pacific
CWNU,CHN,East Asia & Pacific
DBSCNU,CHN,East Asia & Pacific
DFI,CHN,East Asia & Pacific
DOS,CHN,East Asia & Pacific
ECSFI,CHN,East Asia & Pacific
FAQ,CHN,East Asia & Pacific
FAQB,CHN,East Asia & Pacific
FBD,CHN,East Asia & Pacific
FCSCNU,CHN,East Asia & Pacific
FCSNU,CHN,East Asia & Pacific
FESC,CHN,East Asia & Pacific
FM,CHN,East Asia & Pacific
FMIB,CHN,East Asia & Pacific
FRIHP,CHN,East Asia & Pacific
GAFS,CHN,East Asia & Pacific
GDOU,CHN,East Asia & Pacific
GIF,CHN,East Asia & Pacific
GXIF,CHN,East Asia & Pacific
GZIG,CHN,East Asia & Pacific
HACW,CHN,East Asia & Pacific
HHNNR,CHN,East Asia & Pacific
HKFRS,CHN,East Asia & Pacific
HNU,CHN,East Asia & Pacific
HRA,CHN,East Asia & Pacific
HU,CHN,East Asia & Pacific
IHASW,CHN,East Asia & Pacific
IHB,CHN,East Asia & Pacific
IHCAS,CHN,East Asia & Pacific
IOCAS,CHN,East Asia & Pacific
JNU,CHN,East Asia & Pacific
JS,CHN,East Asia & Pacific
KIZ,CHN,East Asia & Pacific
LI,CHN,East Asia & Pacific
LNHSM,CHN,East Asia & Pacific
MMNHN,CHN,East Asia & Pacific
MSINR,CHN,East Asia & Pacific
MSLH,CHN,East Asia & Pacific
MSTFM,CHN,East Asia & Pacific
MZYU,CHN,East Asia & Pacific
NCUMB,CHN,East Asia & Pacific
NHMGZAR,CHN,East Asia & Pacific
NIG,CHN,East Asia & Pacific
NIGL,CHN,East Asia & Pacific
NIGLAS,CHN,East Asia & Pacific
NIZBN,CHN,East Asia & Pacific
NKMC,CHN,East Asia & Pacific
NMMH,CHN,East Asia & Pacific
NNU,CHN,East Asia & Pacific
NOI,CHN,East Asia & Pacific
NPIB,CHN,East Asia & Pacific
NRIBAS,CHN,East Asia & Pacific
NUMZ,CHN,East Asia & Pacific
NWIPB,CHN,East Asia & Pacific
NZMC,CHN,East Asia & Pacific
OUC,CHN,East Asia & Pacific
PRFRI,CHN,East Asia & Pacific
QAMS,CHN,East Asia & Pacific
RCSFRI,CHN,East Asia & Pacific
RHLCY,CHN,East Asia & Pacific
RHS,CHN,East Asia & Pacific
RIFFL,CHN,East Asia & Pacific
SAULS,CHN,East Asia & Pacific
SAUS,CHN,East Asia & Pacific
SCNU,CHN,East Asia & Pacific
SCSFRI,CHN,East Asia & Pacific
SCSMBC,CHN,East Asia & Pacific
SFC,CHN,East Asia & Pacific
SFU,CHN,East Asia & Pacific
SNC,CHN,East Asia & Pacific
SNHM,CHN,East Asia & Pacific
SNUIZ,CHN,East Asia & Pacific
SOU,CHN,East Asia & Pacific
SPNRI,CHN,East Asia & Pacific
SSCN,CHN,East Asia & Pacific
SWFC,CHN,East Asia & Pacific
SWU,CHN,East Asia & Pacific
SWUF,CHN,East Asia & Pacific
SYSU,CHN,East Asia & Pacific
THUB,CHN,East Asia & Pacific
TMBC,CHN,East Asia & Pacific
TNZ,CHN,East Asia & Pacific
WLMH,CHN,East Asia & Pacific
XFCFC,CHN,East Asia & Pacific
YQAMS,CHN,East Asia & Pacific
YU,CHN,East Asia & Pacific
ZJOU,CHN,East Asia & Pacific
ZLSYU,CHN,East Asia & Pacific
ZMC,CHN,East Asia & Pacific
ZMFMIB,CHN,East Asia & Pacific
ZMNH,CHN,East Asia & Pacific
ZMUA,CHN,East Asia & Pacific
ZYSH,CHN,East Asia & Pacific
ANDES,COL,Latin America & Caribbean
CAC-CDMB,COL,Latin America & Caribbean
CAR,COL,Latin America & Caribbean
CHIFF,COL,Latin America & Caribbean
CIACOL,COL,Latin America & Caribbean
CIP,COL,Latin America & Caribbean
CIRUV,COL,Latin America & Caribbean
CIUA,COL,Latin America & Caribbean
CP-UCO,COL,Latin America & Caribbean
CZUT-IC,COL,Latin America & Caribbean
IAVHP,COL,Latin America & Caribbean
IAVH-P,COL,Latin America & Caribbean
ICMN,COL,Latin America & Caribbean
ICNMHN,COL,Latin America & Caribbean
ICN-MHN,COL,Latin America & Caribbean
ICNMNH,COL,Latin America & Caribbean
IMCN,COL,Latin America & Caribbean
INVEMAR,COL,Latin America & Caribbean
IUQ,COL,Latin America & Caribbean
MHNUC,COL,Latin America & Caribbean
MHNUNC,COL,Latin America & Caribbean
MHN-UNC,COL,Latin America & Caribbean
MM,COL,Latin America & Caribbean
MMG,COL,Latin America & Caribbean
MMGPE,COL,Latin America & Caribbean
MPUJ,COL,Latin America & Caribbean
UARC-IC,COL,Latin America & Caribbean
UBJTL,COL,Latin America & Caribbean
UIST,COL,Latin America & Caribbean
UIS-T,COL,Latin America & Caribbean
UV,COL,Latin America & Caribbean
UCR,CRI,Latin America & Caribbean
LHUC,CIV,Sub-Saharan Africa
CNHM,HRV,Europe & Central Asia
CPZM,HRV,Europe & Central Asia
HDBI,HRV,Europe & Central Asia
HZM,HRV,Europe & Central Asia
PMF,HRV,Europe & Central Asia
PMR,HRV,Europe & Central Asia
ZZSZ,HRV,Europe & Central Asia
ANC,CUB,Latin America & Caribbean
CZACC,CUB,Latin America & Caribbean
DZUH,CUB,Latin America & Caribbean
IOH,CUB,Latin America & Caribbean
IZAC,CUB,Latin America & Caribbean
MCNCT,CUB,Latin America & Caribbean
MNHNCUBA,CUB,Latin America & Caribbean
OHG,CUB,Latin America & Caribbean
CUP,CZE,Europe & Central Asia
IAPG,CZE,Europe & Central Asia
JNMP,CZE,Europe & Central Asia
MMB,CZE,Europe & Central Asia
ZICUP,CZE,Europe & Central Asia
CRH,COG,Sub-Saharan Africa
CRHU,COG,Sub-Saharan Africa
CMIZASDPRK,PRK,East Asia & Pacific
ZMUC,DNK,Europe & Central Asia
MNHNSD,DOM,Latin America & Caribbean
EPN,ECU,Latin America & Caribbean
MCCDRS,ECU,Latin America & Caribbean
MECN,ECU,Latin America & Caribbean
MEPN,ECU,Latin America & Caribbean
AFDZ,EGY,Middle East & North Africa
MBSH,EGY,Middle East & North Africa
USP,FJI,East Asia & Pacific
USPS,FJI,East Asia & Pacific
MZH,FIN,Europe & Central Asia
UAZM,FIN,Europe & Central Asia
IFREMER,FRA,Europe & Central Asia
ISTPM,FRA,Europe & Central Asia
LEMUR,FRA,Europe & Central Asia
MAN,FRA,Europe & Central Asia
MG,FRA,Europe & Central Asia
MGHNL,FRA,Europe & Central Asia
MHNL,FRA,Europe & Central Asia
MHNLR,FRA,Europe & Central Asia
MHNNICE,FRA,Europe & Central Asia
MHNRUN,FRA,Europe & Central Asia
MNHN,FRA,Europe & Central Asia
MNHRE,FRA,Europe & Central Asia
MZN,FRA,Europe & Central Asia
MZS,FRA,Europe & Central Asia
MZUVN,FRA,Europe & Central Asia
UCBL,FRA,Europe & Central Asia
UCBLZ,FRA,Europe & Central Asia
IRET,GAB,Sub-Saharan Africa
ZMT,GEO,Europe & Central Asia
AMCK,DEU,Europe & Central Asia
ASUM,DEU,Europe & Central Asia
BAH,DEU,Europe & Central Asia
DMM,DEU,Europe & Central Asia
FSJF,DEU,Europe & Central Asia
ISH,DEU,Europe & Central Asia
ISZZ,DEU,Europe & Central Asia
KHMM,DEU,Europe & Central Asia
KIEL,DEU,Europe & Central Asia
MAK,DEU,Europe & Central Asia
MGH,DEU,Europe & Central Asia
MNS,DEU,Europe & Central Asia
MNUL,DEU,Europe & Central Asia
MNW,DEU,Europe & Central Asia
MTD,DEU,Europe & Central Asia
MTH,DEU,Europe & Central Asia
MTKD,DEU,Europe & Central Asia
MW,DEU,Europe & Central Asia
NMB,DEU,Europe & Central Asia
NMH,DEU,Europe & Central Asia
NML,DEU,Europe & Central Asia
PMJ,DEU,Europe & Central Asia
SJD,DEU,Europe & Central Asia
SMF,DEU,Europe & Central Asia
SMNS,DEU,Europe & Central Asia
SNMBR,DEU,Europe & Central Asia
SUB,DEU,Europe & Central Asia
SW,DEU,Europe & Central Asia
ULIZ,DEU,Europe & Central Asia
UMB,DEU,Europe & Central Asia
UTZI,DEU,Europe & Central Asia
ZFMK,DEU,Europe & Central Asia
ZIM,DEU,Europe & Central Asia
ZMB,DEU,Europe & Central Asia
ZMH,DEU,Europe & Central Asia
ZMHU,DEU,Europe & Central Asia
ZSM,DEU,Europe & Central Asia
ZSM/LIPI,DEU,Europe & Central Asia
DZAUT,GRC,Europe & Central Asia
HCMR,GRC,Europe & Central Asia
LZUT,GRC,Europe & Central Asia
MZUTH,GRC,Europe & Central Asia
NCMR,GRC,Europe & Central Asia
GNMG,GRD,Latin America & Caribbean
UGM,GUM,East Asia & Pacific
GNMGG,GUY,Latin America & Caribbean
UG,GUY,Latin America & Caribbean
MUVS-V,HND,Latin America & Caribbean
MNH,HUN,Europe & Central Asia
MNSB,HUN,Europe & Central Asia
HAF,ISL,Europe & Central Asia
IMNH,ISL,Europe & Central Asia
NHMR,ISL,Europe & Central Asia
APFS/ZSI,IND,South Asia
ASB,IND,South Asia
ASK,IND,South Asia
BNHM,IND,South Asia
BNHS FWF,IND,South Asia
BSRM,IND,South Asia
BVIEER,IND,South Asia
CCB,IND,South Asia
CIARI,IND,South Asia
CIFE,IND,South Asia
CIFRI,IND,South Asia
CMA,IND,South Asia
CMFRI,IND,South Asia
CMFRI GB,IND,South Asia
CMLRE,IND,South Asia
CRG-SAC,IND,South Asia
CRS/ZSI,IND,South Asia
CUKMNH,IND,South Asia
CUSAT,IND,South Asia
DAVK,IND,South Asia
DDUGU,IND,South Asia
DNGC,IND,South Asia
DUSDMOD,IND,South Asia
EBRC/ZSI,IND,South Asia
ERS/ZSI,IND,South Asia
F/GUZ,IND,South Asia
FBRC/ZSI,IND,South Asia
FCRM,IND,South Asia
FFM,IND,South Asia
FMRI,IND,South Asia
FMS/CASMD,IND,South Asia
FSI,IND,South Asia
FTRC/FSRS,IND,South Asia
GUMF,IND,South Asia
GUZ,IND,South Asia
HWFWF,IND,South Asia
IBSD,IND,South Asia
IFP,IND,South Asia
JNBR,IND,South Asia
JPC,IND,South Asia
JUDES/FSD,IND,South Asia
KFRI,IND,South Asia
KUFOS,IND,South Asia
MAD,IND,South Asia
MARC/ZSI,IND,South Asia
MCMK,IND,South Asia
MDZAU,IND,South Asia
MKC,IND,South Asia
MSUMNH,IND,South Asia
MTRLDST,IND,South Asia
MUFM,IND,South Asia
MUMF,IND,South Asia
MZMLC,IND,South Asia
NBFGR,IND,South Asia
NBU,IND,South Asia
NERC,IND,South Asia
NMNHI,IND,South Asia
NRS/ZSI,IND,South Asia
PUCMF,IND,South Asia
RC/RGCA,IND,South Asia
RGUMF,IND,South Asia
RNLK,IND,South Asia
SACON,IND,South Asia
SATYABHAMAU,IND,South Asia
SCI-CLT,IND,South Asia
SPKCES,IND,South Asia
SRS/ZSI,IND,South Asia
STC/DOZ,IND,South Asia
TMBU,IND,South Asia
UCDZ,IND,South Asia
UOK,IND,South Asia
V/A/ERS,IND,South Asia
WGRS,IND,South Asia
WGRS/ZSI,IND,South Asia
WILD,IND,South Asia
ZMAU,IND,South Asia
ZSI,IND,South Asia
ZSI PUNE,IND,South Asia
ZSI/ANRC,IND,South Asia
ZSI/APRC,IND,South Asia
ZSI/MBRC,IND,South Asia
ZSI/NRS,IND,South Asia
ZSI/SRS,IND,South Asia
ZSI/WGFR,IND,South Asia
ZSIF,IND,South Asia
CRDOA,IDN,East Asia & Pacific
LBN,IDN,East Asia & Pacific
LBRC,IDN,East Asia & Pacific
LIPI,IDN,East Asia & Pacific
LON,IDN,East Asia & Pacific
LON NCIP,IDN,East Asia & Pacific
MZB,IDN,East Asia & Pacific
NCIP,IDN,East Asia & Pacific
NCIV,IDN,East Asia & Pacific
WMSU,IDN,East Asia & Pacific
ZMBJ,IDN,East Asia & Pacific
GUIC,IRN,Middle East & North Africa
IMNRF-UT,IRN,Middle East & North Africa
MMTT,IRN,Middle East & North Africa
MZ-FISBUK,IRN,Middle East & North Africa
TAC,IRN,Middle East & North Africa
VMFC,IRN,Middle East & North Africa
ZM-CBSU,IRN,Middle East & North Africa
ZMFUM,IRN,Middle East & North Africa
NMI,IRL,Europe & Central Asia
HUJ,ISR,Middle East & North Africa
SFRS,ISR,Middle East & North Africa
SMNHTAU,ISR,Middle East & North Africa
UTAI,ISR,Middle East & North Africa
CBD,ITA,Europe & Central Asia
GSN,ITA,Europe & Central Asia
IAMC-CMR,ITA,Europe & Central Asia
IZA,ITA,Europe & Central Asia
IZUCS,ITA,Europe & Central Asia
MCCI,ITA,Europe & Central Asia
MCSNC,ITA,Europe & Central Asia
MCZR,ITA,Europe & Central Asia
MRSNT,ITA,Europe & Central Asia
MSNG,ITA,Europe & Central Asia
MSNM,ITA,Europe & Central Asia
MSNT,ITA,Europe & Central Asia
MSNVE,ITA,Europe & Central Asia
MSNVR,ITA,Europe & Central Asia
MUSNM,ITA,Europe & Central Asia
MZGZ,ITA,Europe & Central Asia
MZPA,ITA,Europe & Central Asia
MZUB,ITA,Europe & Central Asia
MZUF,ITA,Europe & Central Asia
MZUT,ITA,Europe & Central Asia
PE,ITA,Europe & Central Asia
ABE,JPN,East Asia & Pacific
ACAP,JPN,East Asia & Pacific
AKPM,JPN,East Asia & Pacific
APM,JPN,East Asia & Pacific
BLIH,JPN,East Asia & Pacific
BSKU,JPN,East Asia & Pacific
CBM,JPN,East Asia & Pacific
CMNH-ZF,JPN,East Asia & Pacific
EUB,JPN,East Asia & Pacific
FAK,JPN,East Asia & Pacific
FAKOU,JPN,East Asia & Pacific
FAKU,JPN,East Asia & Pacific
FNU,JPN,East Asia & Pacific
FRLM,JPN,East Asia & Pacific
FRSKU,JPN,East Asia & Pacific
FSFL,JPN,East Asia & Pacific
FSFRL,JPN,East Asia & Pacific
FSKU,JPN,East Asia & Pacific
FUMT,JPN,East Asia & Pacific
HUMZ,JPN,East Asia & Pacific
HVMSH,JPN,East Asia & Pacific
IBRP,JPN,East Asia & Pacific
IFI,JPN,East Asia & Pacific
IOP,JPN,East Asia & Pacific
IOPM,JPN,East Asia & Pacific
IORD,JPN,East Asia & Pacific
JAMSTEC,JPN,East Asia & Pacific
JNC,JPN,East Asia & Pacific
KAUM-I,JPN,East Asia & Pacific
KBF-I,JPN,East Asia & Pacific
KMPC,JPN,East Asia & Pacific
KPM,JPN,East Asia & Pacific
KPM-NI,JPN,East Asia & Pacific
KSHS,JPN,East Asia & Pacific
KUN,JPN,East Asia & Pacific
LFBKU,JPN,East Asia & Pacific
LIAIP,JPN,East Asia & Pacific
LICPP,JPN,East Asia & Pacific
MGHSJ,JPN,East Asia & Pacific
MIKU,JPN,East Asia & Pacific
MNHA,JPN,East Asia & Pacific
MPMJ,JPN,East Asia & Pacific
MSM,JPN,East Asia & Pacific
MTUF,JPN,East Asia & Pacific
MUFS,JPN,East Asia & Pacific
MUT,JPN,East Asia & Pacific
NMCI,JPN,East Asia & Pacific
NSMT,JPN,East Asia & Pacific
NUSMBS,JPN,East Asia & Pacific
OCF-P,JPN,East Asia & Pacific
OKU,JPN,East Asia & Pacific
OMNH,JPN,East Asia & Pacific
OPM,JPN,East Asia & Pacific
ORIT,JPN,East Asia & Pacific
SAHIMEL,JPN,East Asia & Pacific
SMBL,JPN,East Asia & Pacific
SNFR,JPN,East Asia & Pacific
SPMN,JPN,East Asia & Pacific
SSOFM,JPN,East Asia & Pacific
SUF,JPN,East Asia & Pacific
TKPM,JPN,East Asia & Pacific
TMBS,JPN,East Asia & Pacific
TMFE,JPN,East Asia & Pacific
TMNH,JPN,East Asia & Pacific
TOYA,JPN,East Asia & Pacific
TUFIL,JPN,East Asia & Pacific
URB,JPN,East Asia & Pacific
URM,JPN,East Asia & Pacific
URM-P,JPN,East Asia & Pacific
WIRI,JPN,East Asia & Pacific
WMNH,JPN,East Asia & Pacific
YCM,JPN,East Asia & Pacific
ZIHU,JPN,East Asia & Pacific
ZIKU,JPN,East Asia & Pacific
ZMUT,JPN,East Asia & Pacific
ZUMT,JPN,East Asia & Pacific
NMK,KEN,Sub-Saharan Africa
BCU,KOR,East Asia & Pacific
BEKU,KOR,East Asia & Pacific
BKNU,KOR,East Asia & Pacific
CNU,KOR,East Asia & Pacific
CNUC,KOR,East Asia & Pacific
CNUCK,KOR,East Asia & Pacific
CUBK,KOR,East Asia & Pacific
EWNHM,KOR,East Asia & Pacific
FSIU,KOR,East Asia & Pacific
KIFB,KOR,East Asia & Pacific
KIU,KOR,East Asia & Pacific
NPRI,KOR,East Asia & Pacific
PKU,KOR,East Asia & Pacific
SMU,KOR,East Asia & Pacific
SMWU,KOR,East Asia & Pacific
SNU,KOR,East Asia & Pacific
SUBC,KOR,East Asia & Pacific
SUC,KOR,East Asia & Pacific
DFV,LAO,East Asia & Pacific
LARREC,LAO,East Asia & Pacific
LARRI,LAO,East Asia & Pacific
NUOL,LAO,East Asia & Pacific
MNHNLU,LUX,Europe & Central Asia
MMNHS,MKD,Europe & Central Asia
CNRO,MDG,Sub-Saharan Africa
IRSM,MDG,Sub-Saharan Africa
IRSMNB,MDG,Sub-Saharan Africa
UADBA,MDG,Sub-Saharan Africa
MMF,NA,NA
MFRU,MWI,Sub-Saharan Africa
UMBC,MWI,Sub-Saharan Africa
BIRCUM,MYS,East Asia & Pacific
BMRI,MYS,East Asia & Pacific
FRC,MYS,East Asia & Pacific
FRCL,MYS,East Asia & Pacific
FRI,MYS,East Asia & Pacific
FRIGL,MYS,East Asia & Pacific
IPMB,MYS,East Asia & Pacific
IPPS,MYS,East Asia & Pacific
MNM,MYS,East Asia & Pacific
MUS,MYS,East Asia & Pacific
SASM,MYS,East Asia & Pacific
SBC,MYS,East Asia & Pacific
SBM,MYS,East Asia & Pacific
SM,MYS,East Asia & Pacific
SMEC,MYS,East Asia & Pacific
SMK,MYS,East Asia & Pacific
SSMKL,MYS,East Asia & Pacific
UMKL,MYS,East Asia & Pacific
UNIMAS,MYS,East Asia & Pacific
NHMI,MUS,Sub-Saharan Africa
CIAD,MEX,Latin America & Caribbean
CIBM,MEX,Latin America & Caribbean
CICIB-UAEM,MEX,Latin America & Caribbean
CICIMAR,MEX,Latin America & Caribbean
CIFI,MEX,Latin America & Caribbean
CNP-IBUNAM,MEX,Latin America & Caribbean
CPUM,MEX,Latin America & Caribbean
EBMTV,MEX,Latin America & Caribbean
ECOCH,MEX,Latin America & Caribbean
ECO-CH,MEX,Latin America & Caribbean
ECOSC,MEX,Latin America & Caribbean
ENCB,MEX,Latin America & Caribbean
ENCB-IPN,MEX,Latin America & Caribbean
IBH,MEX,Latin America & Caribbean
IBUNAM,MEX,Latin America & Caribbean
INIBP,MEX,Latin America & Caribbean
INP,MEX,Latin America & Caribbean
IPN,MEX,Latin America & Caribbean
IPNM,MEX,Latin America & Caribbean
MNHNM,MEX,Latin America & Caribbean
MZUABCS,MEX,Latin America & Caribbean
UANL,MEX,Latin America & Caribbean
UNAM,MEX,Latin America & Caribbean
UNICACH-MZ-P,MEX,Latin America & Caribbean
MOM,MCO,Europe & Central Asia
BIP,MNE,Europe & Central Asia
NHMM,MNE,Europe & Central Asia
UMFSP,MNE,Europe & Central Asia
LMM,MOZ,Sub-Saharan Africa
MHNMM,MOZ,Sub-Saharan Africa
SEABRI,MMR,East Asia & Pacific
ZMYU,MMR,East Asia & Pacific
NMNW,NAM,Sub-Saharan Africa
FRDFM,NPL,South Asia
ZICT,NPL,South Asia
NMR,NLD,Europe & Central Asia
RMNH,NLD,Europe & Central Asia
ZMA,NLD,Europe & Central Asia
AIM,NZL,East Asia & Pacific
CMC,NZL,East Asia & Pacific
NIWA,NZL,East Asia & Pacific
NMNZ,NZL,East Asia & Pacific
NZOI,NZL,East Asia & Pacific
OM,NZL,East Asia & Pacific
SMAG,NZL,East Asia & Pacific
VUW,NZL,East Asia & Pacific
UI,NGA,Sub-Saharan Africa
ZM/UI,NGA,Sub-Saharan Africa
HIFIRE,NOR,Europe & Central Asia
VSM,NOR,Europe & Central Asia
ZMUB,NOR,Europe & Central Asia
ZMUO,NOR,Europe & Central Asia
ONHM,OMN,Middle East & North Africa
CEMBP,PAK,South Asia
FAMB,PAK,South Asia
GCM,PAK,South Asia
PMNH,PAK,South Asia
UPL,PAK,South Asia
ZSP,PAK,South Asia
GRWQ,PSE,Middle East & North Africa
STRI,PAN,Latin America & Caribbean
KFRS,PNG,East Asia & Pacific
PNGM,PNG,East Asia & Pacific
CZCEN,PRY,Latin America & Caribbean
MHNIB,PRY,Latin America & Caribbean
MNHNP,PRY,Latin America & Caribbean
IIAP,PER,Latin America & Caribbean
IMARPE,PER,Latin America & Caribbean
MHNJP,PER,Latin America & Caribbean
MUSM,PER,Latin America & Caribbean
MVAH,PER,Latin America & Caribbean
BSMP,PHL,East Asia & Pacific
CAHUP,PHL,East Asia & Pacific
MSI,PHL,East Asia & Pacific
PNM,PHL,East Asia & Pacific
SLUB,PHL,East Asia & Pacific
STUM,PHL,East Asia & Pacific
SUML,PHL,East Asia & Pacific
UPLB,PHL,East Asia & Pacific
UPVMI,PHL,East Asia & Pacific
WPU,PHL,East Asia & Pacific
HML,POL,Europe & Central Asia
IZPAN,POL,Europe & Central Asia
MEPAN,POL,Europe & Central Asia
UWZM,POL,Europe & Central Asia
INIP,PRT,Europe & Central Asia
MB,PRT,Europe & Central Asia
MCM,PRT,Europe & Central Asia
UPR,PRI,Latin America & Caribbean
IBTS,ROU,Europe & Central Asia
ISBB,ROU,Europe & Central Asia
ISER,ROU,Europe & Central Asia
MCVR,ROU,Europe & Central Asia
MGAB,ROU,Europe & Central Asia
NHMB,ROU,Europe & Central Asia
BM ISC,RUS,Europe & Central Asia
FSCEATB,RUS,Europe & Central Asia
IBIW,RUS,Europe & Central Asia
IEE,RUS,Europe & Central Asia
IOM,RUS,Europe & Central Asia
MIMB,RUS,Europe & Central Asia
MMSU,RUS,Europe & Central Asia
PPSIO,RUS,Europe & Central Asia
SPSU,RUS,Europe & Central Asia
TINRO,RUS,Europe & Central Asia
VNIROA,RUS,Europe & Central Asia
ZIAS,RUS,Europe & Central Asia
ZIN,RUS,Europe & Central Asia
ZISP,RUS,Europe & Central Asia
ZMISU,RUS,Europe & Central Asia
ZMMGU,RUS,Europe & Central Asia
ZMMU,RUS,Europe & Central Asia
ZMP PGU,RUS,Europe & Central Asia
ZMTU,RUS,Europe & Central Asia
ZMV PSU,RUS,Europe & Central Asia
FAUMM,SAU,Middle East & North Africa
KAUMM,SAU,Middle East & North Africa
KFUPM,SAU,Middle East & North Africa
SNMNH,SAU,Middle East & North Africa
GMNGZ,GBR,Europe & Central Asia
IFAN,SEN,Sub-Saharan Africa
BIK,SRB,Europe & Central Asia
NPTS,SYC,Sub-Saharan Africa
NMS,SGP,East Asia & Pacific
RMBR,SGP,East Asia & Pacific
ZRC,SGP,East Asia & Pacific
ZRCS,SGP,East Asia & Pacific
SNM,SVK,Europe & Central Asia
SNMB,SVK,Europe & Central Asia
OBBFUL,SVN,Europe & Central Asia
SMNH,SVN,Europe & Central Asia
AMG,ZAF,Sub-Saharan Africa
EKZNW,ZAF,Sub-Saharan Africa
ELM,ZAF,Sub-Saharan Africa
ISAM MB,ZAF,Sub-Saharan Africa
NMP,ZAF,Sub-Saharan Africa
NMP/NPB,ZAF,Sub-Saharan Africa
NMSA,ZAF,Sub-Saharan Africa
ORI,ZAF,Sub-Saharan Africa
PEM,ZAF,Sub-Saharan Africa
RUSI,ZAF,Sub-Saharan Africa
SAIAB,ZAF,Sub-Saharan Africa
SAM,ZAF,Sub-Saharan Africa
TMP,ZAF,Sub-Saharan Africa
CCML,ESP,Europe & Central Asia
CFM-IEOMA,ESP,Europe & Central Asia
IBAB,ESP,Europe & Central Asia
ICM,ESP,Europe & Central Asia
IEOV,ESP,Europe & Central Asia
IIPB,ESP,Europe & Central Asia
MCLSBB,ESP,Europe & Central Asia
MCSBCN,ESP,Europe & Central Asia
MHNUSC,ESP,Europe & Central Asia
MNCN,ESP,Europe & Central Asia
TFMC,ESP,Europe & Central Asia
UAB,ESP,Europe & Central Asia
UBMZ,ESP,Europe & Central Asia
UZA,ESP,Europe & Central Asia
VBCM,ESP,Europe & Central Asia
BRT-I,LKA,South Asia
CMS,LKA,South Asia
DZ,LKA,South Asia
NARA,LKA,South Asia
NMSL,LKA,South Asia
UPZM,LKA,South Asia
WHT,LKA,South Asia
SNHMK,SDN,Sub-Saharan Africa
GNHM,SWE,Europe & Central Asia
GNM,SWE,Europe & Central Asia
MZUL,SWE,Europe & Central Asia
NHMG,SWE,Europe & Central Asia
NHRM,SWE,Europe & Central Asia
NRM,SWE,Europe & Central Asia
UUZM,SWE,Europe & Central Asia
ZML,SWE,Europe & Central Asia
ZMUL,SWE,Europe & Central Asia
ZMUU,SWE,Europe & Central Asia
CMK,CHE,Europe & Central Asia
EAWAG,CHE,Europe & Central Asia
MHNG,CHE,Europe & Central Asia
MHNN,CHE,Europe & Central Asia
NMBA,CHE,Europe & Central Asia
NMBE,CHE,Europe & Central Asia
ASIZP,TWN,East Asia & Pacific
ASIZT,TWN,East Asia & Pacific
EBFS,TWN,East Asia & Pacific
NMMBP,TWN,East Asia & Pacific
NMMST,TWN,East Asia & Pacific
NMSMP,TWN,East Asia & Pacific
NSYSU,TWN,East Asia & Pacific
NSYU,TWN,East Asia & Pacific
NTMP,TWN,East Asia & Pacific
NTOU,TWN,East Asia & Pacific
NTUM,TWN,East Asia & Pacific
TFRI,TWN,East Asia & Pacific
THUP,TWN,East Asia & Pacific
TMF,TWN,East Asia & Pacific
TOU-AE,TWN,East Asia & Pacific
EAMFRO,TZA,Sub-Saharan Africa
TAFIRI,TZA,Sub-Saharan Africa
ZMZ,TZA,Sub-Saharan Africa
AUP,THA,East Asia & Pacific
CUB,THA,East Asia & Pacific
CUMZ,THA,East Asia & Pacific
KUMF,THA,East Asia & Pacific
MARNM,THA,East Asia & Pacific
MFLB,THA,East Asia & Pacific
NICA,THA,East Asia & Pacific
NIFI,THA,East Asia & Pacific
NULFO,THA,East Asia & Pacific
PMBC,THA,East Asia & Pacific
PSUZC,THA,East Asia & Pacific
RLIKU,THA,East Asia & Pacific
THNHM,THA,East Asia & Pacific
TISTR,THA,East Asia & Pacific
UNMF,THA,East Asia & Pacific
WURC,THA,East Asia & Pacific
UWIZM,TTO,Latin America & Caribbean
DUM,TUR,Europe & Central Asia
ESFM,TUR,Europe & Central Asia
FFR,TUR,Europe & Central Asia
HUIC,TUR,Europe & Central Asia
IFC-ESUF,TUR,Europe & Central Asia
IKC,TUR,Europe & Central Asia
IUSHM,TUR,Europe & Central Asia
NHVUIC,TUR,Europe & Central Asia
SCFK-SDU,TUR,Europe & Central Asia
ZMUI,TUR,Europe & Central Asia
BELUM,GBR,Europe & Central Asia
BMNH,GBR,Europe & Central Asia
HLM,GBR,Europe & Central Asia
HMG,GBR,Europe & Central Asia
IOS,GBR,Europe & Central Asia
KMAG,GBR,Europe & Central Asia
LS,GBR,Europe & Central Asia
LSL,GBR,Europe & Central Asia
NHM,GBR,Europe & Central Asia
NMSZ,GBR,Europe & Central Asia
OUM,GBR,Europe & Central Asia
PHGM,GBR,Europe & Central Asia
RCSE,GBR,Europe & Central Asia
RCSL,GBR,Europe & Central Asia
RNHG,GBR,Europe & Central Asia
RUSM,GBR,Europe & Central Asia
UCFP,GBR,Europe & Central Asia
UMZC,GBR,Europe & Central Asia
WML,GBR,Europe & Central Asia
ZSL,GBR,Europe & Central Asia
AHF,USA,North America
AL,USA,North America
ALA,USA,North America
AMNH,USA,North America
ANSP,USA,North America
ASU,USA,North America
AUM,USA,North America
BCFH,USA,North America
BIOONE,USA,North America
BOC,USA,North America
BPBM,USA,North America
BSNH,USA,North America
BU,USA,North America
BUI,USA,North America
BYU,USA,North America
CAS,USA,North America
CAS-GVF,USA,North America
CAS-IU,USA,North America
CAS-SU,USA,North America
CM,USA,North America
CMNH,USA,North America
CSU,USA,North America
CSULB,USA,North America
CUMV,USA,North America
DU,USA,North America
EKU,USA,North America
FDNR,USA,North America
FMNH,USA,North America
FSBC,USA,North America
FSM,USA,North America
FSU,USA,North America
GCRL,USA,North America
GCRLM,USA,North America
GMBL,USA,North America
GMNH,USA,North America
GVF,USA,North America
HBOM,USA,North America
HSU,USA,North America
INHS,USA,North America
ISC,USA,North America
ISU,USA,North America
IU,USA,North America
JFBM,USA,North America
KU,USA,North America
LACM,USA,North America
LACMNH,USA,North America
LNHNY,USA,North America
LSJUM,USA,North America
LSUMZ,USA,North America
MCSNH,USA,North America
MCZ,USA,North America
MCZH,USA,North America
MMNS,USA,North America
MNHSC,USA,North America
MNHW,USA,North America
MOSU,USA,North America
MSUI,USA,North America
MSUM,USA,North America
MUI,USA,North America
MVZ,USA,North America
NCSM,USA,North America
NLU,USA,North America
NMFSH,USA,North America
NYSM,USA,North America
NYZS,USA,North America
OCM,USA,North America
OS,USA,North America
OSM,USA,North America
OSU,USA,North America
OSUM,USA,North America
OSUO,USA,North America
OSUS,USA,North America
PSU,USA,North America
PU,USA,North America
SAU,USA,North America
SDSU,USA,North America
SIO,USA,North America
SIU,USA,North America
SIUC,USA,North America
SU,USA,North America
TABL,USA,North America
TCWC,USA,North America
TNHC,USA,North America
TU,USA,North America
UAIC,USA,North America
UAM,USA,North America
UAMNH,USA,North America
UAZ,USA,North America
UCD,USA,North America
UCLA,USA,North America
UF,USA,North America
UF-FSU,USA,North America
UGAMNH,USA,North America
UH,USA,North America
UMIM,USA,North America
UMML,USA,North America
UMMZ,USA,North America
UMOC,USA,North America
UNAL,USA,North America
UNO,USA,North America
UNOAL,USA,North America
UNOVC,USA,North America
UNR,USA,North America
UOMZ,USA,North America
USA,USA,North America
USBCF,USA,North America
USBF,USA,North America
USFC,USA,North America
USNM,USA,North America
UT,USA,North America
UTEP,USA,North America
UTU,USA,North America
UW,USA,North America
UWF,USA,North America
VIMS,USA,North America
VMM,USA,North America
WFC,USA,North America
WHOI,USA,North America
WIAP,USA,North America
WMSA,USA,North America
WUM,USA,North America
YPM,USA,North America
MNKHNU,UKR,Europe & Central Asia
MNKRNU,UKR,Europe & Central Asia
ONUZM,UKR,Europe & Central Asia
YUGNIRO,UKR,Europe & Central Asia
ZIK,UKR,Europe & Central Asia
ZMUAS,UKR,Europe & Central Asia
MNHPA,GBR,Europe & Central Asia
RCSHC,GBR,Europe & Central Asia
RHL,GBR,Europe & Central Asia
CAP,URY,Latin America & Caribbean
DZVU,URY,Latin America & Caribbean
GP,URY,Latin America & Caribbean
MHNM,URY,Latin America & Caribbean
MNHN (2),URY,Latin America & Caribbean
MUNHINA,URY,Latin America & Caribbean
ZVC,URY,Latin America & Caribbean
ZVC-P,URY,Latin America & Caribbean
BSFC,UZB,Europe & Central Asia
AFY,VEN,Latin America & Caribbean
BLUZ,VEN,Latin America & Caribbean
EBRG,VEN,Latin America & Caribbean
FCLR,VEN,Latin America & Caribbean
MAC,VEN,Latin America & Caribbean
MAC-APU,VEN,Latin America & Caribbean
MACLPI,VEN,Latin America & Caribbean
MAC-PAY,VEN,Latin America & Caribbean
MBLUZ,VEN,Latin America & Caribbean
MBUCV,VEN,Latin America & Caribbean
MCNG,VEN,Latin America & Caribbean
MHNLS,VEN,Latin America & Caribbean
MMM,VEN,Latin America & Caribbean
MNHLS,VEN,Latin America & Caribbean
MOBR-EDIMAY,VEN,Latin America & Caribbean
SCN,VEN,Latin America & Caribbean
UDONECI,VEN,Latin America & Caribbean
UNEFM,VEN,Latin America & Caribbean
ARI,VNM,East Asia & Pacific
BMVU,VNM,East Asia & Pacific
DHFRI,VNM,East Asia & Pacific
DVZUT,VNM,East Asia & Pacific
HNHU,VNM,East Asia & Pacific
HNUE,VNM,East Asia & Pacific
IEBR,VNM,East Asia & Pacific
MB-HUNE,VNM,East Asia & Pacific
OIM,VNM,East Asia & Pacific
RIAH,VNM,East Asia & Pacific
TDHSP,VNM,East Asia & Pacific
UNS,VNM,East Asia & Pacific
VNMN,VNM,East Asia & Pacific
ZUMH,VNM,East Asia & Pacific
NHCY,YEM,Middle East & North Africa
NMBZ,ZWE,Sub-Saharan Africa
QVMS,ZWE,Sub-Saharan Africa
